{
    "Guest - Central Atom": 0,
    "Guest - Vertex Atoms": [
        185,
        186,
        187,
        188,
        189,
        190
    ],
    "HOMO-LUMO Gap": 0.10502181924010577,
    "Reference": "10.1016/j.xcrp.2024.102011",
    "Solvent": "Chloroform",
    "dG": -33.4
}